{
	"class_name" : "PinholeCameraParameters",
	"extrinsic" : 
	[
		0.14711744320943243,
		0.34020792523592858,
		-0.92879113473092834,
		0.0,
		-0.26166491850551843,
		0.91892140652350029,
		0.2950971833108279,
		0.0,
		0.95388045809054078,
		0.19960464984447779,
		0.22419786004163883,
		0.0,
		-1.0860308366457865,
		-2.760923268445346,
		123.66914685730696,
		1.0
	],
	"intrinsic" : 
	{
		"height" : 836,
		"intrinsic_matrix" : 
		[
			723.9972375637908,
			0.0,
			0.0,
			0.0,
			723.9972375637908,
			0.0,
			763.5,
			417.5,
			1.0
		],
		"width" : 1528
	},
	"version_major" : 1,
	"version_minor" : 0
}